﻿<?xml version="1.0" encoding="utf-8"?>
<!--SM64DS Editor v2.3.5 2017-07-05-->
<Patches>
  <Patch>
    <PatchName>Skip Introduction</PatchName>
    <Author>Skelux</Author>
    <EURPatch>
      <AddressDataPair>
        <Address>81396</Address>
        <Data>
          <Byte>136</Byte>
        </Data>
      </AddressDataPair>
    </EURPatch>
    <USv1Patch>
      <AddressDataPair>
        <Address>81104</Address>
        <Data>
          <Byte>136</Byte>
        </Data>
      </AddressDataPair>
    </USv1Patch>
    <USv2Patch>
      <AddressDataPair>
        <Address>81224</Address>
        <Data>
          <Byte>136</Byte>
        </Data>
      </AddressDataPair>
    </USv2Patch>
    <JAPPatch>
      <AddressDataPair>
        <Address>81224</Address>
        <Data>
          <Byte>136</Byte>
        </Data>
      </AddressDataPair>
    </JAPPatch>
    <EURRestoreData>
      <AddressDataPair>
        <Address>81396</Address>
        <Data>
          <Byte>8</Byte>
        </Data>
      </AddressDataPair>
    </EURRestoreData>
    <USv1RestoreData>
      <AddressDataPair>
        <Address>81104</Address>
        <Data>
          <Byte>136</Byte>
        </Data>
      </AddressDataPair>
    </USv1RestoreData>
    <USv2RestoreData>
      <AddressDataPair>
        <Address>81224</Address>
        <Data>
          <Byte>8</Byte>
        </Data>
      </AddressDataPair>
    </USv2RestoreData>
  </Patch>
  <Patch>
    <PatchName>All Minigames Unlocked</PatchName>
    <Author>Skelux</Author>
    <EURPatch>
      <AddressDataPair>
        <Address>79428</Address>
        <Data>
          <Byte>255</Byte>
          <Byte>0</Byte>
          <Byte>160</Byte>
          <Byte>227</Byte>
        </Data>
      </AddressDataPair>
    </EURPatch>
    <USv1Patch>
      <AddressDataPair>
        <Address>79136</Address>
        <Data>
          <Byte>255</Byte>
          <Byte>0</Byte>
          <Byte>160</Byte>
          <Byte>227</Byte>
        </Data>
      </AddressDataPair>
    </USv1Patch>
    <USv2Patch>
      <AddressDataPair>
        <Address>79256</Address>
        <Data>
          <Byte>255</Byte>
          <Byte>0</Byte>
          <Byte>160</Byte>
          <Byte>227</Byte>
        </Data>
      </AddressDataPair>
    </USv2Patch>
    <JAPPatch>
      <AddressDataPair>
        <Address>79256</Address>
        <Data>
          <Byte>255</Byte>
          <Byte>0</Byte>
          <Byte>160</Byte>
          <Byte>227</Byte>
        </Data>
      </AddressDataPair>
    </JAPPatch>
    <EURRestoreData>
      <AddressDataPair>
        <Address>79428</Address>
        <Data>
          <Byte>18</Byte>
          <Byte>0</Byte>
          <Byte>1</Byte>
          <Byte>224</Byte>
        </Data>
      </AddressDataPair>
    </EURRestoreData>
  </Patch>
  <Patch>
    <PatchName>Improve Working Sound Effects for Levels Using Minigame Music v2 Set Music byte 2 33(0x21) and byte 1 to 39(0x27)</PatchName>
    <Author>Skelux</Author>
    <FileToPatch>data/sound_data.sdat</FileToPatch>
    <EURPatch>
      <AddressDataPair>
        <Address>53436</Address>
        <Data>
          <Byte>10</Byte>
          <Byte>0</Byte>
          <Byte>0</Byte>
          <Byte>0</Byte>
          <Byte>2</Byte>
          <Byte>4</Byte>
          <Byte>0</Byte>
          <Byte>0</Byte>
          <Byte>50</Byte>
          <Byte>0</Byte>
          <Byte>0</Byte>
          <Byte>0</Byte>
          <Byte>2</Byte>
          <Byte>4</Byte>
          <Byte>0</Byte>
          <Byte>0</Byte>
          <Byte>53</Byte>
          <Byte>0</Byte>
          <Byte>0</Byte>
          <Byte>0</Byte>
          <Byte>2</Byte>
          <Byte>4</Byte>
          <Byte>0</Byte>
          <Byte>0</Byte>
          <Byte>55</Byte>
          <Byte>0</Byte>
          <Byte>0</Byte>
          <Byte>0</Byte>
          <Byte>2</Byte>
          <Byte>4</Byte>
          <Byte>0</Byte>
          <Byte>0</Byte>
          <Byte>56</Byte>
          <Byte>0</Byte>
          <Byte>0</Byte>
          <Byte>0</Byte>
          <Byte>2</Byte>
          <Byte>4</Byte>
          <Byte>0</Byte>
          <Byte>0</Byte>
          <Byte>80</Byte>
          <Byte>0</Byte>
          <Byte>0</Byte>
          <Byte>0</Byte>
          <Byte>2</Byte>
          <Byte>4</Byte>
          <Byte>0</Byte>
          <Byte>0</Byte>
          <Byte>76</Byte>
          <Byte>0</Byte>
          <Byte>0</Byte>
          <Byte>0</Byte>
          <Byte>2</Byte>
          <Byte>4</Byte>
          <Byte>0</Byte>
          <Byte>0</Byte>
          <Byte>7</Byte>
          <Byte>0</Byte>
          <Byte>0</Byte>
          <Byte>0</Byte>
          <Byte>2</Byte>
          <Byte>4</Byte>
          <Byte>0</Byte>
          <Byte>0</Byte>
          <Byte>6</Byte>
          <Byte>0</Byte>
          <Byte>0</Byte>
          <Byte>0</Byte>
          <Byte>2</Byte>
          <Byte>4</Byte>
          <Byte>0</Byte>
          <Byte>0</Byte>
          <Byte>11</Byte>
          <Byte>0</Byte>
          <Byte>0</Byte>
          <Byte>0</Byte>
          <Byte>1</Byte>
          <Byte>2</Byte>
          <Byte>0</Byte>
          <Byte>0</Byte>
          <Byte>33</Byte>
          <Byte>0</Byte>
          <Byte>0</Byte>
          <Byte>0</Byte>
        </Data>
      </AddressDataPair>
    </EURPatch>
    <USv1Patch>
      <AddressDataPair>
        <Address>53436</Address>
        <Data>
          <Byte>10</Byte>
          <Byte>0</Byte>
          <Byte>0</Byte>
          <Byte>0</Byte>
          <Byte>2</Byte>
          <Byte>4</Byte>
          <Byte>0</Byte>
          <Byte>0</Byte>
          <Byte>50</Byte>
          <Byte>0</Byte>
          <Byte>0</Byte>
          <Byte>0</Byte>
          <Byte>2</Byte>
          <Byte>4</Byte>
          <Byte>0</Byte>
          <Byte>0</Byte>
          <Byte>53</Byte>
          <Byte>0</Byte>
          <Byte>0</Byte>
          <Byte>0</Byte>
          <Byte>2</Byte>
          <Byte>4</Byte>
          <Byte>0</Byte>
          <Byte>0</Byte>
          <Byte>55</Byte>
          <Byte>0</Byte>
          <Byte>0</Byte>
          <Byte>0</Byte>
          <Byte>2</Byte>
          <Byte>4</Byte>
          <Byte>0</Byte>
          <Byte>0</Byte>
          <Byte>56</Byte>
          <Byte>0</Byte>
          <Byte>0</Byte>
          <Byte>0</Byte>
          <Byte>2</Byte>
          <Byte>4</Byte>
          <Byte>0</Byte>
          <Byte>0</Byte>
          <Byte>80</Byte>
          <Byte>0</Byte>
          <Byte>0</Byte>
          <Byte>0</Byte>
          <Byte>2</Byte>
          <Byte>4</Byte>
          <Byte>0</Byte>
          <Byte>0</Byte>
          <Byte>76</Byte>
          <Byte>0</Byte>
          <Byte>0</Byte>
          <Byte>0</Byte>
          <Byte>2</Byte>
          <Byte>4</Byte>
          <Byte>0</Byte>
          <Byte>0</Byte>
          <Byte>7</Byte>
          <Byte>0</Byte>
          <Byte>0</Byte>
          <Byte>0</Byte>
          <Byte>2</Byte>
          <Byte>4</Byte>
          <Byte>0</Byte>
          <Byte>0</Byte>
          <Byte>6</Byte>
          <Byte>0</Byte>
          <Byte>0</Byte>
          <Byte>0</Byte>
          <Byte>2</Byte>
          <Byte>4</Byte>
          <Byte>0</Byte>
          <Byte>0</Byte>
          <Byte>11</Byte>
          <Byte>0</Byte>
          <Byte>0</Byte>
          <Byte>0</Byte>
          <Byte>1</Byte>
          <Byte>2</Byte>
          <Byte>0</Byte>
          <Byte>0</Byte>
          <Byte>33</Byte>
          <Byte>0</Byte>
          <Byte>0</Byte>
          <Byte>0</Byte>
        </Data>
      </AddressDataPair>
    </USv1Patch>
    <USv2Patch>
      <AddressDataPair>
        <Address>53436</Address>
        <Data>
          <Byte>10</Byte>
          <Byte>0</Byte>
          <Byte>0</Byte>
          <Byte>0</Byte>
          <Byte>2</Byte>
          <Byte>4</Byte>
          <Byte>0</Byte>
          <Byte>0</Byte>
          <Byte>50</Byte>
          <Byte>0</Byte>
          <Byte>0</Byte>
          <Byte>0</Byte>
          <Byte>2</Byte>
          <Byte>4</Byte>
          <Byte>0</Byte>
          <Byte>0</Byte>
          <Byte>53</Byte>
          <Byte>0</Byte>
          <Byte>0</Byte>
          <Byte>0</Byte>
          <Byte>2</Byte>
          <Byte>4</Byte>
          <Byte>0</Byte>
          <Byte>0</Byte>
          <Byte>55</Byte>
          <Byte>0</Byte>
          <Byte>0</Byte>
          <Byte>0</Byte>
          <Byte>2</Byte>
          <Byte>4</Byte>
          <Byte>0</Byte>
          <Byte>0</Byte>
          <Byte>56</Byte>
          <Byte>0</Byte>
          <Byte>0</Byte>
          <Byte>0</Byte>
          <Byte>2</Byte>
          <Byte>4</Byte>
          <Byte>0</Byte>
          <Byte>0</Byte>
          <Byte>80</Byte>
          <Byte>0</Byte>
          <Byte>0</Byte>
          <Byte>0</Byte>
          <Byte>2</Byte>
          <Byte>4</Byte>
          <Byte>0</Byte>
          <Byte>0</Byte>
          <Byte>76</Byte>
          <Byte>0</Byte>
          <Byte>0</Byte>
          <Byte>0</Byte>
          <Byte>2</Byte>
          <Byte>4</Byte>
          <Byte>0</Byte>
          <Byte>0</Byte>
          <Byte>7</Byte>
          <Byte>0</Byte>
          <Byte>0</Byte>
          <Byte>0</Byte>
          <Byte>2</Byte>
          <Byte>4</Byte>
          <Byte>0</Byte>
          <Byte>0</Byte>
          <Byte>6</Byte>
          <Byte>0</Byte>
          <Byte>0</Byte>
          <Byte>0</Byte>
          <Byte>2</Byte>
          <Byte>4</Byte>
          <Byte>0</Byte>
          <Byte>0</Byte>
          <Byte>11</Byte>
          <Byte>0</Byte>
          <Byte>0</Byte>
          <Byte>0</Byte>
          <Byte>1</Byte>
          <Byte>2</Byte>
          <Byte>0</Byte>
          <Byte>0</Byte>
          <Byte>33</Byte>
          <Byte>0</Byte>
          <Byte>0</Byte>
          <Byte>0</Byte>
        </Data>
      </AddressDataPair>
    </USv2Patch>
    <JAPPatch>
      <AddressDataPair>
        <Address>53436</Address>
        <Data>
          <Byte>10</Byte>
          <Byte>0</Byte>
          <Byte>0</Byte>
          <Byte>0</Byte>
          <Byte>2</Byte>
          <Byte>4</Byte>
          <Byte>0</Byte>
          <Byte>0</Byte>
          <Byte>50</Byte>
          <Byte>0</Byte>
          <Byte>0</Byte>
          <Byte>0</Byte>
          <Byte>2</Byte>
          <Byte>4</Byte>
          <Byte>0</Byte>
          <Byte>0</Byte>
          <Byte>53</Byte>
          <Byte>0</Byte>
          <Byte>0</Byte>
          <Byte>0</Byte>
          <Byte>2</Byte>
          <Byte>4</Byte>
          <Byte>0</Byte>
          <Byte>0</Byte>
          <Byte>55</Byte>
          <Byte>0</Byte>
          <Byte>0</Byte>
          <Byte>0</Byte>
          <Byte>2</Byte>
          <Byte>4</Byte>
          <Byte>0</Byte>
          <Byte>0</Byte>
          <Byte>56</Byte>
          <Byte>0</Byte>
          <Byte>0</Byte>
          <Byte>0</Byte>
          <Byte>2</Byte>
          <Byte>4</Byte>
          <Byte>0</Byte>
          <Byte>0</Byte>
          <Byte>80</Byte>
          <Byte>0</Byte>
          <Byte>0</Byte>
          <Byte>0</Byte>
          <Byte>2</Byte>
          <Byte>4</Byte>
          <Byte>0</Byte>
          <Byte>0</Byte>
          <Byte>76</Byte>
          <Byte>0</Byte>
          <Byte>0</Byte>
          <Byte>0</Byte>
          <Byte>2</Byte>
          <Byte>4</Byte>
          <Byte>0</Byte>
          <Byte>0</Byte>
          <Byte>7</Byte>
          <Byte>0</Byte>
          <Byte>0</Byte>
          <Byte>0</Byte>
          <Byte>2</Byte>
          <Byte>4</Byte>
          <Byte>0</Byte>
          <Byte>0</Byte>
          <Byte>6</Byte>
          <Byte>0</Byte>
          <Byte>0</Byte>
          <Byte>0</Byte>
          <Byte>2</Byte>
          <Byte>4</Byte>
          <Byte>0</Byte>
          <Byte>0</Byte>
          <Byte>11</Byte>
          <Byte>0</Byte>
          <Byte>0</Byte>
          <Byte>0</Byte>
          <Byte>1</Byte>
          <Byte>2</Byte>
          <Byte>0</Byte>
          <Byte>0</Byte>
          <Byte>33</Byte>
          <Byte>0</Byte>
          <Byte>0</Byte>
          <Byte>0</Byte>
        </Data>
      </AddressDataPair>
    </JAPPatch>
    <EURRestoreData>
      <AddressDataPair>
        <Address>53436</Address>
        <Data>
          <Byte>2</Byte>
          <Byte>0</Byte>
          <Byte>81</Byte>
          <Byte>225</Byte>
          <Byte>12</Byte>
          <Byte>0</Byte>
          <Byte>0</Byte>
          <Byte>26</Byte>
          <Byte>64</Byte>
          <Byte>17</Byte>
          <Byte>144</Byte>
          <Byte>229</Byte>
          <Byte>182</Byte>
          <Byte>18</Byte>
          <Byte>209</Byte>
          <Byte>225</Byte>
          <Byte>1</Byte>
          <Byte>16</Byte>
          <Byte>17</Byte>
          <Byte>226</Byte>
          <Byte>4</Byte>
          <Byte>208</Byte>
          <Byte>141</Byte>
          <Byte>18</Byte>
          <Byte>0</Byte>
          <Byte>0</Byte>
          <Byte>160</Byte>
          <Byte>19</Byte>
          <Byte>0</Byte>
          <Byte>64</Byte>
          <Byte>189</Byte>
          <Byte>24</Byte>
          <Byte>30</Byte>
          <Byte>255</Byte>
          <Byte>47</Byte>
          <Byte>17</Byte>
          <Byte>85</Byte>
          <Byte>47</Byte>
          <Byte>128</Byte>
          <Byte>226</Byte>
          <Byte>0</Byte>
          <Byte>16</Byte>
          <Byte>146</Byte>
          <Byte>229</Byte>
          <Byte>7</Byte>
          <Byte>0</Byte>
          <Byte>160</Byte>
          <Byte>227</Byte>
          <Byte>2</Byte>
          <Byte>16</Byte>
          <Byte>129</Byte>
          <Byte>227</Byte>
          <Byte>0</Byte>
          <Byte>16</Byte>
          <Byte>130</Byte>
          <Byte>229</Byte>
          <Byte>165</Byte>
          <Byte>21</Byte>
          <Byte>0</Byte>
          <Byte>235</Byte>
          <Byte>1</Byte>
          <Byte>0</Byte>
          <Byte>160</Byte>
          <Byte>227</Byte>
          <Byte>4</Byte>
          <Byte>208</Byte>
          <Byte>141</Byte>
          <Byte>226</Byte>
          <Byte>0</Byte>
          <Byte>64</Byte>
          <Byte>189</Byte>
          <Byte>232</Byte>
          <Byte>30</Byte>
          <Byte>255</Byte>
          <Byte>47</Byte>
          <Byte>225</Byte>
          <Byte>80</Byte>
          <Byte>242</Byte>
          <Byte>9</Byte>
          <Byte>2</Byte>
          <Byte>0</Byte>
          <Byte>64</Byte>
          <Byte>45</Byte>
          <Byte>233</Byte>
        </Data>
      </AddressDataPair>
    </EURRestoreData>
  </Patch>
  <Patch>
    <PatchName>Change Level Loaded on 'Exit Course'. Replace the data value with the ID of the level you want loaded.</PatchName>
    <Author>Fiachra</Author>
    <EURPatch>
      <AddressDataPair>
        <Address>168824</Address>
        <Data>
          <Byte>3</Byte>
        </Data>
      </AddressDataPair>
    </EURPatch>
    <USv1Patch>
      <AddressDataPair>
        <Address>165520</Address>
        <Data>
          <Byte>3</Byte>
        </Data>
      </AddressDataPair>
    </USv1Patch>
    <USv2Patch>
      <AddressDataPair>
        <Address>166144</Address>
        <Data>
          <Byte>3</Byte>
        </Data>
      </AddressDataPair>
    </USv2Patch>
    <JAPPatch>
      <AddressDataPair>
        <Address>166084</Address>
        <Data>
          <Byte>3</Byte>
        </Data>
      </AddressDataPair>
    </JAPPatch>
    <EURRestoreData>
      <AddressDataPair>
        <Address>168824</Address>
        <Data>
          <Byte>2</Byte>
        </Data>
      </AddressDataPair>
    </EURRestoreData>
    <USv1RestoreData>
      <AddressDataPair>
        <Address>165520</Address>
        <Data>
          <Byte>0</Byte>
        </Data>
      </AddressDataPair>
    </USv1RestoreData>
  </Patch>
  <Patch>
    <PatchName>Change Starting Level. Replace the data value with the ID of the level you want loaded.</PatchName>
    <Author>Fiachra</Author>
    <OverlayToPatch>7</OverlayToPatch>
    <EURPatch>
      <AddressDataPair>
        <Address>126240</Address>
        <Data>
          <Byte>3</Byte>
        </Data>
      </AddressDataPair>
    </EURPatch>
    <EURRestoreData>
      <AddressDataPair>
        <Address>126240</Address>
        <Data>
          <Byte>66</Byte>
        </Data>
      </AddressDataPair>
    </EURRestoreData>
  </Patch>
  <Patch>
    <PatchName>Swap Run with Walk [1/4]</PatchName>
    <Author>Skelux</Author>
    <EURPatch>
      <AddressDataPair>
        <Address>182156</Address>
        <Data>
          <Byte>180</Byte>
          <Byte>0</Byte>
          <Byte>217</Byte>
          <Byte>225</Byte>
          <Byte>2</Byte>
          <Byte>11</Byte>
          <Byte>48</Byte>
          <Byte>226</Byte>
          <Byte>180</Byte>
          <Byte>0</Byte>
          <Byte>201</Byte>
          <Byte>225</Byte>
        </Data>
      </AddressDataPair>
    </EURPatch>
    <EURRestoreData>
      <AddressDataPair>
        <Address>182156</Address>
        <Data>
          <Byte>22</Byte>
          <Byte>0</Byte>
          <Byte>217</Byte>
          <Byte>229</Byte>
          <Byte>2</Byte>
          <Byte>0</Byte>
          <Byte>80</Byte>
          <Byte>227</Byte>
          <Byte>13</Byte>
          <Byte>0</Byte>
          <Byte>0</Byte>
          <Byte>10</Byte>
        </Data>
      </AddressDataPair>
    </EURRestoreData>
  </Patch>
  <Patch>
    <PatchName>Disable Run-Up [2/4]</PatchName>
    <Author>Skelux</Author>
    <OverlayToPatch>2</OverlayToPatch>
    <EURPatch>
      <AddressDataPair>
        <Address>154084</Address>
        <Data>
          <Byte>58</Byte>
          <Byte>0</Byte>
          <Byte>0</Byte>
          <Byte>234</Byte>
        </Data>
      </AddressDataPair>
    </EURPatch>
    <EURRestoreData>
      <AddressDataPair>
        <Address>154084</Address>
        <Data>
          <Byte>32</Byte>
          <Byte>19</Byte>
          <Byte>159</Byte>
          <Byte>229</Byte>
        </Data>
      </AddressDataPair>
    </EURRestoreData>
  </Patch>
  <Patch>
    <PatchName>Fix Swimming [3/4]</PatchName>
    <Author>Skelux</Author>
    <OverlayToPatch>2</OverlayToPatch>
    <EURPatch>
      <AddressDataPair>
        <Address>132024</Address>
        <Data>
          <Byte>2</Byte>
          <Byte>16</Byte>
          <Byte>160</Byte>
          <Byte>227</Byte>
        </Data>
      </AddressDataPair>
    </EURPatch>
    <EURRestoreData>
      <AddressDataPair>
        <Address>132024</Address>
        <Data>
          <Byte>223</Byte>
          <Byte>117</Byte>
          <Byte>0</Byte>
          <Byte>235</Byte>
        </Data>
      </AddressDataPair>
    </EURRestoreData>
  </Patch>
  <Patch>
    <PatchName>Increase Acceleration [4/4]</PatchName>
    <Author>Skelux</Author>
    <OverlayToPatch>2</OverlayToPatch>
    <EURPatch>
      <AddressDataPair>
        <Address>158336</Address>
        <Data>
          <Byte>1</Byte>
          <Byte>42</Byte>
          <Byte>132</Byte>
          <Byte>226</Byte>
        </Data>
      </AddressDataPair>
    </EURPatch>
    <EURRestoreData>
      <AddressDataPair>
        <Address>158336</Address>
        <Data>
          <Byte>0</Byte>
          <Byte>64</Byte>
          <Byte>194</Byte>
          <Byte>229</Byte>
        </Data>
      </AddressDataPair>
    </EURRestoreData>
  </Patch>
  <Patch>
    <PatchName>Start with Camera Zoomed Out</PatchName>
    <Author>Skelux</Author>
    <EURPatch>
      <AddressDataPair>
        <Address>53016</Address>
        <Data>
          <Byte>1</Byte>
          <Byte>16</Byte>
          <Byte>160</Byte>
          <Byte>227</Byte>
          <Byte>2</Byte>
          <Byte>0</Byte>
          <Byte>160</Byte>
          <Byte>227</Byte>
          <Byte>205</Byte>
          <Byte>24</Byte>
          <Byte>197</Byte>
          <Byte>229</Byte>
          <Byte>84</Byte>
          <Byte>1</Byte>
          <Byte>133</Byte>
          <Byte>229</Byte>
        </Data>
      </AddressDataPair>
    </EURPatch>
    <EURRestoreData>
      <AddressDataPair>
        <Address>53016</Address>
        <Data>
          <Byte>85</Byte>
          <Byte>31</Byte>
          <Byte>133</Byte>
          <Byte>226</Byte>
          <Byte>0</Byte>
          <Byte>0</Byte>
          <Byte>145</Byte>
          <Byte>229</Byte>
          <Byte>4</Byte>
          <Byte>0</Byte>
          <Byte>128</Byte>
          <Byte>227</Byte>
          <Byte>0</Byte>
          <Byte>0</Byte>
          <Byte>129</Byte>
          <Byte>229</Byte>
        </Data>
      </AddressDataPair>
    </EURRestoreData>
  </Patch>
  <Patch>
    <PatchName>Changing Starting Lives. Replace the data with the number of lives to start with.</PatchName>
    <Author>Fiachra</Author>
    <EURPatch>
      <AddressDataPair>
        <Address>175368</Address>
        <Data>
          <Byte>99</Byte>
        </Data>
      </AddressDataPair>
    </EURPatch>
    <USv1Patch>
      <AddressDataPair>
        <Address>171056</Address>
        <Data>
          <Byte>99</Byte>
        </Data>
      </AddressDataPair>
    </USv1Patch>
    <USv2Patch>
      <AddressDataPair>
        <Address>171752</Address>
        <Data>
          <Byte>99</Byte>
        </Data>
      </AddressDataPair>
    </USv2Patch>
    <JAPPatch>
      <AddressDataPair>
        <Address>171692</Address>
        <Data>
          <Byte>99</Byte>
        </Data>
      </AddressDataPair>
    </JAPPatch>
    <EURRestoreData>
      <AddressDataPair>
        <Address>175368</Address>
        <Data>
          <Byte>4</Byte>
        </Data>
      </AddressDataPair>
    </EURRestoreData>
  </Patch>
  <Patch>
    <PatchName>Infinite Health</PatchName>
    <Author>Fiachra</Author>
    <EURPatch>
      <AddressDataPair>
        <Address>174112</Address>
        <Data>
          <Byte>34</Byte>
          <Byte>13</Byte>
          <Byte>160</Byte>
          <Byte>227</Byte>
        </Data>
      </AddressDataPair>
    </EURPatch>
    <USv1Patch>
      <AddressDataPair>
        <Address>169800</Address>
        <Data>
          <Byte>34</Byte>
          <Byte>13</Byte>
          <Byte>160</Byte>
          <Byte>227</Byte>
        </Data>
      </AddressDataPair>
    </USv1Patch>
    <USv2Patch>
      <AddressDataPair>
        <Address>170496</Address>
        <Data>
          <Byte>34</Byte>
          <Byte>13</Byte>
          <Byte>160</Byte>
          <Byte>227</Byte>
        </Data>
      </AddressDataPair>
    </USv2Patch>
    <JAPPatch>
      <AddressDataPair>
        <Address>170436</Address>
        <Data>
          <Byte>34</Byte>
          <Byte>13</Byte>
          <Byte>160</Byte>
          <Byte>227</Byte>
        </Data>
      </AddressDataPair>
    </JAPPatch>
    <EURRestoreData>
      <AddressDataPair>
        <Address>174112</Address>
        <Data>
          <Byte>1</Byte>
          <Byte>0</Byte>
          <Byte>128</Byte>
          <Byte>224</Byte>
        </Data>
      </AddressDataPair>
    </EURRestoreData>
  </Patch>
  <Patch>
    <PatchName>Disable Level Intro Messages</PatchName>
    <Author>Skelux</Author>
    <EURPatch>
      <AddressDataPair>
        <Address>857708</Address>
        <Data>
          <Byte>0</Byte>
          <Byte>0</Byte>
          <Byte>160</Byte>
          <Byte>225</Byte>
        </Data>
      </AddressDataPair>
    </EURPatch>
    <EURRestoreData>
      <AddressDataPair>
        <Address>857708</Address>
        <Data>
          <Byte>226</Byte>
          <Byte>244</Byte>
          <Byte>255</Byte>
          <Byte>109</Byte>
        </Data>
      </AddressDataPair>
    </EURRestoreData>
  </Patch>
  <Patch>
    <PatchName>Disable Bowser's Message Upon First Entry in Castle</PatchName>
    <Author>Skelux</Author>
    <EURPatch>
      <AddressDataPair>
        <Address>868792</Address>
        <Data>
          <Byte>0</Byte>
          <Byte>0</Byte>
          <Byte>160</Byte>
          <Byte>225</Byte>
        </Data>
      </AddressDataPair>
    </EURPatch>
    <EURRestoreData>
      <AddressDataPair>
        <Address>868792</Address>
        <Data>
          <Byte>48</Byte>
          <Byte>134</Byte>
          <Byte>229</Byte>
          <Byte>4</Byte>
        </Data>
      </AddressDataPair>
    </EURRestoreData>
  </Patch>
  <Patch>
    <PatchName>All Objects Always Visible from a Distance. Causes a lot of lag, not practical if a hack contains any complex levels.</PatchName>
    <Author>Skelux</Author>
    <EURPatch>
      <AddressDataPair>
        <Address>69868</Address>
        <Data>
          <Byte>10</Byte>
          <Byte>0</Byte>
          <Byte>0</Byte>
          <Byte>235</Byte>
        </Data>
      </AddressDataPair>
    </EURPatch>
    <EURRestoreData>
      <AddressDataPair>
        <Address>69868</Address>
        <Data>
          <Byte>10</Byte>
          <Byte>0</Byte>
          <Byte>0</Byte>
          <Byte>218</Byte>
        </Data>
      </AddressDataPair>
    </EURRestoreData>
  </Patch>
  <Patch>
    <PatchName>Increase Star Object Draw Distance</PatchName>
    <Author>skawo</Author>
    <USv1Patch>
      <AddressDataPair>
        <Address>69556</Address>
        <Data>
          <Byte>187</Byte>
        </Data>
      </AddressDataPair>
    </USv1Patch>
  </Patch>
  <Patch>
    <PatchName>All TTC Objects Operate at a Fixed Speed Regardless of When You Enter the Level</PatchName>
    <Author>Skelux</Author>
    <EURPatch>
      <AddressDataPair>
        <Address>776536</Address>
        <Data>
          <Byte>1</Byte>
          <Byte>32</Byte>
          <Byte>160</Byte>
          <Byte>227</Byte>
        </Data>
      </AddressDataPair>
    </EURPatch>
    <EURRestoreData>
      <AddressDataPair>
        <Address>776536</Address>
        <Data>
          <Byte>0</Byte>
          <Byte>0</Byte>
          <Byte>218</Byte>
          <Byte>56</Byte>
        </Data>
      </AddressDataPair>
    </EURRestoreData>
  </Patch>
  <Patch>
    <PatchName>Turbo Koopa Shell</PatchName>
    <Author>Fiachra</Author>
    <OverlayToPatch>2</OverlayToPatch>
    <EURPatch>
      <AddressDataPair>
        <Address>126300</Address>
        <Data>
          <Byte>159</Byte>
          <Byte>106</Byte>
          <Byte>160</Byte>
          <Byte>19</Byte>
        </Data>
      </AddressDataPair>
      <AddressDataPair>
        <Address>126312</Address>
        <Data>
          <Byte>6</Byte>
          <Byte>104</Byte>
          <Byte>160</Byte>
          <Byte>3</Byte>
        </Data>
      </AddressDataPair>
      <AddressDataPair>
        <Address>126352</Address>
        <Data>
          <Byte>1</Byte>
          <Byte>41</Byte>
          <Byte>160</Byte>
          <Byte>227</Byte>
        </Data>
      </AddressDataPair>
      <AddressDataPair>
        <Address>126360</Address>
        <Data>
          <Byte>1</Byte>
          <Byte>41</Byte>
          <Byte>160</Byte>
          <Byte>195</Byte>
        </Data>
      </AddressDataPair>
    </EURPatch>
    <EURRestoreData>
      <AddressDataPair>
        <Address>126300</Address>
        <Data>
          <Byte>0</Byte>
          <Byte>0</Byte>
          <Byte>80</Byte>
          <Byte>227</Byte>
        </Data>
      </AddressDataPair>
      <AddressDataPair>
        <Address>126312</Address>
        <Data>
          <Byte>6</Byte>
          <Byte>0</Byte>
          <Byte>160</Byte>
          <Byte>225</Byte>
        </Data>
      </AddressDataPair>
      <AddressDataPair>
        <Address>126352</Address>
        <Data>
          <Byte>64</Byte>
          <Byte>112</Byte>
          <Byte>135</Byte>
          <Byte>2</Byte>
        </Data>
      </AddressDataPair>
      <AddressDataPair>
        <Address>126360</Address>
        <Data>
          <Byte>128</Byte>
          <Byte>0</Byte>
          <Byte>86</Byte>
          <Byte>225</Byte>
        </Data>
      </AddressDataPair>
    </EURRestoreData>
  </Patch>
  <Patch>
    <PatchName />
  </Patch>
</Patches>